time,Temperature,Humidity
2025/03/23 17:57:39,39.69,58.71
2025/03/23 17:58:39,39.73,59.05
2025/03/23 17:59:39,39.67,58.73
2025/03/23 18:00:39,39.64,59.11
2025/03/23 18:01:39,39.75,58.65
2025/03/23 18:02:39,39.58,58.55
2025/03/23 18:03:39,39.62,58.92
2025/03/23 18:04:39,39.53,58.96
2025/03/23 18:05:39,39.47,59.11
2025/03/23 18:06:39,39.51,58.95
2025/03/23 18:07:39,39.47,59.13
2025/03/23 18:08:41,39.51,59.18
2025/03/23 18:09:39,39.47,59.13
2025/03/23 18:10:39,39.44,59.36
2025/03/23 18:11:39,39.4,59.55
2025/03/23 18:12:39,39.42,59.16
2025/03/23 18:13:39,39.38,59.24
2025/03/23 18:14:39,39.36,59.46
2025/03/23 18:15:39,39.33,59.46
2025/03/23 18:16:39,39.29,59.47
2025/03/23 18:17:39,39.31,59.5
2025/03/23 18:18:39,39.34,59.45
2025/03/23 18:19:40,39.21,59.75
2025/03/23 18:20:39,39.29,59.75
2025/03/23 18:21:39,39.31,59.62
2025/03/23 18:22:39,39.29,59.42
2025/03/23 18:23:40,39.23,59.64
2025/03/23 18:24:39,39.27,59.68
2025/03/23 18:25:39,39.2,59.62
2025/03/23 18:26:39,39.16,59.51
2025/03/23 18:27:39,39.16,59.76
2025/03/23 18:28:39,39.23,59.69
2025/03/23 18:29:39,39.2,59.79
2025/03/23 18:30:39,39.25,59.71
2025/03/23 18:31:39,39.2,59.79
2025/03/23 18:32:39,39.14,59.47
2025/03/23 18:33:39,39.1,59.55
2025/03/23 18:34:42,39.1,60.06
2025/03/23 18:35:39,39.07,59.69
2025/03/23 18:36:39,39.01,60.02
2025/03/23 18:37:39,39.01,59.91
2025/03/23 18:38:39,39.01,59.73
2025/03/23 18:39:39,39.05,59.79
2025/03/23 18:40:39,39.01,60.05
2025/03/23 18:41:39,39.03,59.9
2025/03/23 18:42:39,39.07,59.71
2025/03/23 18:43:39,39.09,59.91
2025/03/23 18:44:39,38.94,60.04
2025/03/23 18:45:39,38.96,59.75
2025/03/23 18:46:39,38.98,60.26
2025/03/23 18:47:39,38.94,60.06
2025/03/23 18:48:39,38.98,59.93
2025/03/23 18:49:39,38.9,60.14
2025/03/23 18:50:39,38.94,60.19
2025/03/23 18:51:39,38.87,60.43
2025/03/23 18:52:39,38.87,60.09
2025/03/23 18:53:39,38.87,60.38
2025/03/23 18:54:39,38.87,60.2
2025/03/23 18:55:39,38.88,60.13
2025/03/23 18:56:39,38.87,60.06
2025/03/23 18:57:39,38.87,60.01
2025/03/23 18:58:39,38.81,60.13
2025/03/23 18:59:39,38.77,60.24
2025/03/23 19:00:39,38.81,60.07
2025/03/23 19:01:39,38.79,60.37
2025/03/23 19:02:39,38.76,60.46
2025/03/23 19:03:39,38.7,60.4
2025/03/23 19:04:39,38.76,60.49
2025/03/23 19:05:39,38.66,60.54
2025/03/23 19:06:39,38.74,60.28
2025/03/23 19:07:39,38.76,60.43
2025/03/23 19:08:39,38.66,60.56
2025/03/23 19:09:39,38.66,60.71
2025/03/23 19:10:39,38.66,60.34
2025/03/23 19:11:39,38.66,60.37
2025/03/23 19:12:39,38.64,60.76
2025/03/23 19:13:39,38.63,60.67
2025/03/23 19:14:39,38.64,60.44
2025/03/23 19:15:39,38.57,60.86
2025/03/23 19:16:39,38.64,60.72
2025/03/23 19:17:39,38.63,60.65
2025/03/23 19:18:39,38.63,60.8
2025/03/23 19:19:39,38.59,60.64
2025/03/23 19:20:39,38.64,60.55
2025/03/23 19:21:39,38.59,60.79
2025/03/23 19:22:39,38.55,60.94
2025/03/23 19:23:39,38.59,60.49
2025/03/23 19:24:39,38.59,60.5
2025/03/23 19:25:39,38.61,60.52
2025/03/23 19:26:39,38.52,60.77
2025/03/23 19:27:39,38.55,60.87
2025/03/23 19:28:39,38.53,60.68
2025/03/23 19:29:39,38.48,61.09
2025/03/23 19:30:39,38.5,60.62
2025/03/23 19:31:39,38.57,61.21
2025/03/23 19:32:39,38.5,60.76
2025/03/23 19:33:39,38.5,60.89
2025/03/23 19:34:39,38.46,60.88
2025/03/23 19:35:39,38.48,60.72
2025/03/23 19:36:44,38.41,60.66
2025/03/23 19:37:39,38.42,61.12
2025/03/23 19:38:39,38.41,61.03
2025/03/23 19:39:39,38.39,61.26
2025/03/23 19:40:39,38.41,61.02
2025/03/23 19:41:39,38.44,60.97
2025/03/23 19:42:39,38.48,60.81
2025/03/23 19:43:39,38.42,61.01
2025/03/23 19:44:39,38.44,60.88
2025/03/23 19:45:39,38.48,60.77
2025/03/23 19:46:39,38.41,61.08
2025/03/23 19:47:39,38.39,61.17
2025/03/23 19:48:39,38.39,61.03
2025/03/23 19:49:39,38.39,61
2025/03/23 19:50:39,38.41,60.91
2025/03/23 19:51:40,38.37,61.06
2025/03/23 19:52:39,38.44,61.16
2025/03/23 19:53:39,38.33,60.85
2025/03/23 19:54:39,38.35,60.87
2025/03/23 19:55:39,38.37,61.19
2025/03/23 19:56:39,38.39,61.36
2025/03/23 19:57:39,38.35,61.38
2025/03/23 19:58:39,38.33,61.29
2025/03/23 19:59:39,38.28,61.07
2025/03/23 20:00:39,38.3,60.92
2025/03/23 20:01:39,38.31,61.14
2025/03/23 20:02:39,38.33,61.22
2025/03/23 20:03:39,38.3,61.13
2025/03/23 20:04:39,38.28,61.09
2025/03/23 20:05:39,38.24,61.34
2025/03/23 20:06:39,38.15,61.3
2025/03/23 20:07:39,38.19,61.31
2025/03/23 20:08:39,38.17,61.35
2025/03/23 20:09:39,38.2,61.31
2025/03/23 20:10:39,38.17,61.35
2025/03/23 20:11:39,38.28,61.32
2025/03/23 20:12:39,38.2,61.25
2025/03/23 20:13:39,38.22,61.36
2025/03/23 20:14:39,38.28,61.22
2025/03/23 20:15:39,38.22,61.32
2025/03/23 20:16:39,38.3,61.52
2025/03/23 20:17:39,38.31,61.29
2025/03/23 20:18:39,38.3,61.19
2025/03/23 20:19:39,38.3,61.25
2025/03/23 20:20:39,38.33,61.2
2025/03/23 20:21:39,38.26,61.05
2025/03/23 20:22:39,38.28,61.37
2025/03/23 20:23:39,38.39,61.49
2025/03/23 20:24:39,38.35,61.38
2025/03/23 20:25:39,38.26,61.44
2025/03/23 20:26:39,38.33,60.96
2025/03/23 20:27:39,38.28,60.99
2025/03/23 20:28:39,38.28,61.34
2025/03/23 20:29:39,38.33,61.23
2025/03/23 20:30:39,38.35,61.19
2025/03/23 20:31:39,38.3,61.25
2025/03/23 20:32:39,38.3,61
2025/03/23 20:33:39,38.35,60.97
2025/03/23 20:34:39,38.33,61.18
2025/03/23 20:35:39,38.35,61.09
2025/03/23 20:36:39,38.35,60.95
2025/03/23 20:37:39,38.33,61.12
2025/03/23 20:38:39,38.35,61.26
2025/03/23 20:39:39,38.39,61.31
2025/03/23 20:40:39,38.42,61.34
2025/03/23 20:41:39,38.39,61.09
2025/03/23 20:42:39,38.44,61.09
2025/03/23 20:43:39,38.42,60.83
2025/03/23 20:44:39,38.31,60.94
2025/03/23 20:45:39,38.26,61.04
2025/03/23 20:46:43,38.26,61.24
2025/03/23 20:47:39,38.19,61.31
2025/03/23 20:48:39,38.28,61.62
2025/03/23 20:49:39,38.31,61.27
2025/03/23 20:50:39,38.35,61.6
2025/03/23 20:51:39,38.39,61.14
2025/03/23 20:52:39,38.41,61.12
2025/03/23 20:53:39,38.42,61.22
2025/03/23 20:54:39,38.44,60.95
2025/03/23 20:55:39,38.42,61.05
2025/03/23 20:56:39,38.42,60.96
2025/03/23 20:57:39,38.46,61.12
2025/03/23 20:58:39,38.46,60.97
2025/03/23 20:59:39,38.46,61.1
2025/03/23 21:00:39,38.46,61.18
2025/03/23 21:01:39,38.41,61.22
2025/03/23 21:02:39,38.46,61.22
2025/03/23 21:03:39,38.48,61.25
2025/03/23 21:04:39,38.46,60.85
2025/03/23 21:05:39,38.37,61.18
2025/03/23 21:06:39,38.28,61.23
2025/03/23 21:07:39,38.28,61.22
2025/03/23 21:08:39,38.26,61.39
2025/03/23 21:09:39,38.15,61.5
2025/03/23 21:10:39,38.17,61.59
2025/03/23 21:11:39,38.24,61.45
2025/03/23 21:12:39,38.26,61.2
2025/03/23 21:13:39,38.31,61.22
2025/03/23 21:14:39,38.2,61.51
2025/03/23 21:15:39,38.33,61.33
2025/03/23 21:16:39,38.22,61.46
2025/03/23 21:17:39,38.24,61.39
2025/03/23 21:18:39,38.31,61.6
2025/03/23 21:19:39,38.24,61.53
2025/03/23 21:20:39,38.24,61.56
2025/03/23 21:21:39,38.17,61.45
2025/03/23 21:22:39,38.2,61.71
2025/03/23 21:23:39,38.22,61.6
2025/03/23 21:24:39,38.17,61.63
2025/03/23 21:25:39,38.15,61.62
2025/03/23 21:26:39,38.15,61.46
2025/03/23 21:27:39,38.09,61.39
2025/03/23 21:28:39,38.13,61.92
2025/03/23 21:29:39,38.13,61.49
2025/03/23 21:30:39,38.17,61.54
2025/03/23 21:31:39,38.19,61.8
2025/03/23 21:32:39,38.2,62.04
2025/03/23 21:33:41,38.19,62.01
2025/03/23 21:34:39,38.22,62.08
2025/03/23 21:35:39,38.2,62.01
2025/03/23 21:36:39,38.24,61.96
2025/03/23 21:37:39,38.2,62.01
2025/03/23 21:38:39,38.2,62.02
2025/03/23 21:39:39,38.19,61.99
2025/03/23 21:40:39,38.22,61.77
2025/03/23 21:41:39,38.2,61.77
2025/03/23 21:42:39,38.24,62.2
2025/03/23 21:43:39,38.3,61.94
2025/03/23 21:44:39,38.24,62.12
2025/03/23 21:45:39,38.24,62.08
2025/03/23 21:46:39,38.13,62.14
2025/03/23 21:47:39,38.17,61.97
2025/03/23 21:48:39,38.19,62.17
2025/03/23 21:49:39,38.13,62.16
2025/03/23 21:50:39,38.15,62.18
2025/03/23 21:51:39,38.19,61.81
2025/03/23 21:52:39,38.24,62.22
2025/03/23 21:53:39,38.24,62.11
2025/03/23 21:54:39,38.28,61.67
2025/03/23 21:55:41,38.26,62.07
2025/03/23 21:56:39,38.37,61.68
2025/03/23 21:57:39,38.3,61.66
2025/03/23 21:58:39,38.35,61.61
2025/03/23 21:59:39,38.35,61.79
2025/03/23 22:00:39,38.39,61.57
2025/03/23 22:01:39,38.35,62.01
2025/03/23 22:02:39,38.41,61.57
2025/03/23 22:03:39,38.39,61.95
2025/03/23 22:04:39,38.37,61.87
2025/03/23 22:05:39,38.39,61.94
2025/03/23 22:06:39,38.39,62.04
2025/03/23 22:07:39,38.35,62.04
2025/03/23 22:08:39,38.31,61.95
2025/03/23 22:09:39,38.28,61.87
2025/03/23 22:10:41,38.28,62.11
2025/03/23 22:11:39,38.22,61.88
2025/03/23 22:12:39,38.26,62.09
2025/03/23 22:13:39,38.22,62.29
2025/03/23 22:14:39,38.26,62.55
2025/03/23 22:15:39,38.2,62.15
2025/03/23 22:16:39,38.19,62.76
2025/03/23 22:17:39,38.24,62.73
2025/03/23 22:18:39,38.2,62.65
2025/03/23 22:19:39,38.19,62.74
2025/03/23 22:20:39,38.24,62.76
2025/03/23 22:21:39,38.2,62.79
2025/03/23 22:22:39,38.13,62.71
2025/03/23 22:23:39,38.11,63.19
2025/03/23 22:24:39,38.17,63.09
2025/03/23 22:25:39,38.11,63.14
2025/03/23 22:26:40,38.15,63.21
2025/03/23 22:27:39,38.17,63.22
2025/03/23 22:28:39,38.09,63.38
2025/03/23 22:29:39,38.11,63.66
2025/03/23 22:30:40,38.09,63.77
2025/03/23 22:31:40,38.07,63.67
2025/03/23 22:32:40,38.09,63.88
2025/03/23 22:33:40,38.04,64.27
2025/03/23 22:34:40,38.09,64.02
2025/03/23 22:35:40,38.02,63.96
2025/03/23 22:36:42,38.02,64.19
2025/03/23 22:37:40,38.02,64.35
2025/03/23 22:38:40,38,64.09
2025/03/23 22:39:40,37.98,63.98
2025/03/23 22:40:40,37.95,64.32
2025/03/23 22:41:40,37.96,64.22
2025/03/23 22:42:40,37.89,64.39
2025/03/23 22:43:40,37.96,64.69
2025/03/23 22:44:40,37.93,64.47
2025/03/23 22:45:40,37.95,64.45
2025/03/23 22:46:40,38.07,64.7
2025/03/23 22:47:40,38.11,64.27
2025/03/23 22:48:40,38.13,64.57
2025/03/23 22:49:40,38.09,64.37
2025/03/23 22:50:40,38.06,64.56
2025/03/23 22:51:40,38.02,64.68
2025/03/23 22:52:40,38.02,64.62
2025/03/23 22:53:40,38.07,64.45
2025/03/23 22:54:40,38.15,64.78
2025/03/23 22:55:40,38.13,64.81
2025/03/23 22:56:40,38.02,64.68
2025/03/23 22:57:40,38.07,64.88
2025/03/23 22:58:40,38.13,64.99
2025/03/23 22:59:40,38.15,64.65
2025/03/23 23:00:40,38.15,64.81
2025/03/23 23:01:40,38.04,64.93
2025/03/23 23:02:40,38.09,64.71
2025/03/23 23:03:40,38.13,65.27
2025/03/23 23:04:40,38.09,65.49
2025/03/23 23:05:40,38.04,65.58
2025/03/23 23:06:40,38.02,65.5
2025/03/23 23:07:42,37.98,66.06
2025/03/23 23:08:40,37.95,66.3
2025/03/23 23:09:40,37.98,65.96
2025/03/23 23:10:40,38.04,66.57
2025/03/23 23:11:40,38,66.29
2025/03/23 23:12:40,38.04,66.34
2025/03/23 23:13:40,38.09,66.56
2025/03/23 23:14:40,38.02,66.8
2025/03/23 23:15:40,37.98,66.86
2025/03/23 23:16:40,38,66.86
2025/03/23 23:17:40,38.07,66.36
2025/03/23 23:18:40,38.17,66.66
2025/03/23 23:19:40,38.24,66.87
2025/03/23 23:20:40,38.19,66.61
2025/03/23 23:21:40,38.26,66.51
2025/03/23 23:22:40,38.2,66.58
2025/03/23 23:23:40,38.24,66.34
2025/03/23 23:24:40,38.2,66.52
2025/03/23 23:25:40,38.24,66.3
2025/03/23 23:26:40,38.26,66.58
2025/03/23 23:27:40,38.22,66.59
2025/03/23 23:28:40,38.3,66.48
2025/03/23 23:29:40,38.3,66.42
2025/03/23 23:30:40,38.22,66.52
2025/03/23 23:31:40,38.24,66.49
2025/03/23 23:32:42,38.26,66.33
2025/03/23 23:33:40,38.31,66.73
2025/03/23 23:34:40,38.3,66.28
2025/03/23 23:35:40,38.26,66.33
2025/03/23 23:36:40,38.26,66.34
2025/03/23 23:37:40,38.33,66.3
2025/03/23 23:38:40,38.33,66.42
2025/03/23 23:39:40,38.35,66.07
2025/03/23 23:40:40,38.35,66.26
2025/03/23 23:41:40,38.33,66.31
2025/03/23 23:42:40,38.33,66.51
2025/03/23 23:43:40,38.31,66.31
2025/03/23 23:44:40,38.31,66.53
2025/03/23 23:45:40,38.3,66.2
2025/03/23 23:46:40,38.31,66.32
2025/03/23 23:47:40,38.35,66.28
2025/03/23 23:48:40,38.31,66.24
2025/03/23 23:49:40,38.3,66.43
2025/03/23 23:50:40,38.37,66.29
2025/03/23 23:51:40,38.33,66.24
2025/03/23 23:52:40,38.33,66.26
2025/03/23 23:53:44,38.31,66.31
2025/03/23 23:54:40,38.31,66.44
2025/03/23 23:55:40,38.33,66.05
2025/03/23 23:56:40,38.3,66.32
2025/03/23 23:57:40,38.31,66.45
2025/03/23 23:58:40,38.28,66.27
2025/03/23 23:59:40,38.22,65.99
2025/03/24 00:00:40,37.78,66.56
2025/03/24 00:01:40,37.87,66.43
2025/03/24 00:02:40,38,66.76
2025/03/24 00:03:40,38.11,66.96
2025/03/24 00:04:40,38.2,66.79
2025/03/24 00:05:40,38.28,66.94
2025/03/24 00:06:40,38.3,67.33
2025/03/24 00:07:40,38.39,66.58
2025/03/24 00:08:40,38.37,66.8
2025/03/24 00:09:40,38.39,66.58
2025/03/24 00:10:40,38.46,66.39
2025/03/24 00:11:40,38.42,66.48
2025/03/24 00:12:40,38.33,66.59
2025/03/24 00:13:40,38.31,66.88
2025/03/24 00:14:40,38.28,67.04
2025/03/24 00:15:40,38.3,67.07
2025/03/24 00:16:40,38.31,67.24
2025/03/24 00:17:40,38.37,67.36
2025/03/24 00:18:40,38.28,66.77
2025/03/24 00:19:40,38.42,67.51
2025/03/24 00:20:40,38.44,67.72
2025/03/24 00:21:40,38.48,67.66
2025/03/24 00:22:40,38.48,67.22
2025/03/24 00:23:40,38.46,67.85
2025/03/24 00:24:40,38.39,67.75
2025/03/24 00:25:40,38.44,67.66
2025/03/24 00:26:40,38.35,67.4
2025/03/24 00:27:40,38.39,68.29
2025/03/24 00:28:40,38.35,67.85
2025/03/24 00:29:40,38.37,67.78
2025/03/24 00:30:40,38.44,68.17
2025/03/24 00:31:40,38.42,68.13
2025/03/24 00:32:40,38.41,68.07
2025/03/24 00:33:40,38.39,67.67
2025/03/24 00:34:40,38.41,67.52
2025/03/24 00:35:40,38.39,67.98
2025/03/24 00:36:40,38.37,67.22
2025/03/24 00:37:40,38.41,67.49
2025/03/24 00:38:40,38.39,67.21
2025/03/24 00:39:40,38.42,66.99
2025/03/24 00:40:40,38.39,67.18
2025/03/24 00:41:40,38.33,67.27
2025/03/24 00:42:40,38.37,66.97
2025/03/24 00:43:40,38.39,66.52
2025/03/24 00:44:40,38.42,66.04
2025/03/24 00:45:40,38.41,66.38
2025/03/24 00:46:40,38.48,66.67
2025/03/24 00:47:40,38.46,66.6
2025/03/24 00:48:42,38.39,66.66
2025/03/24 00:49:40,38.41,65.84
2025/03/24 00:50:40,38.35,66.65
2025/03/24 00:51:40,38.35,66.03
2025/03/24 00:52:40,38.37,65.78
2025/03/24 00:53:40,38.35,66.54
2025/03/24 00:54:40,38.41,66.63
2025/03/24 00:55:40,38.44,65.87
2025/03/24 00:56:40,38.41,66.07
2025/03/24 00:57:40,38.41,66.12
2025/03/24 00:58:40,38.31,66.06
2025/03/24 00:59:40,38.35,66
2025/03/24 01:00:40,38.35,66.27
2025/03/24 01:01:40,38.31,66.72
2025/03/24 01:02:40,38.31,66.75
2025/03/24 01:03:40,37.52,67.23
2025/03/24 01:04:40,37.74,67.44
2025/03/24 01:05:40,37.78,67.28
2025/03/24 01:06:40,37.98,66.83
2025/03/24 01:07:43,38.07,66.97
2025/03/24 01:08:40,38.2,67.23
2025/03/24 01:09:40,38.33,66.21
2025/03/24 01:10:40,38.28,66.9
2025/03/24 01:11:40,37.63,67.24
2025/03/24 01:12:40,37.3,67.68
2025/03/24 01:13:40,37.36,68.77
2025/03/24 01:14:40,37.5,68.74
2025/03/24 01:15:40,37.62,68.9
2025/03/24 01:16:40,37.69,69.75
2025/03/24 01:17:40,37.3,68.17
2025/03/24 01:18:40,37.25,69.11
2025/03/24 01:19:40,37.34,68.51
2025/03/24 01:20:40,37.43,69.08
2025/03/24 01:21:40,37.47,68.89
2025/03/24 01:22:40,37.5,68.36
2025/03/24 01:23:40,37.56,67.31
2025/03/24 01:24:40,37.17,67.09
2025/03/24 01:25:40,37.21,68.04
2025/03/24 01:26:40,37.87,67.15
2025/03/24 01:27:40,38.17,67.24
2025/03/24 01:28:40,38.31,66.11
2025/03/24 01:29:40,38.41,65.95
2025/03/24 01:30:40,38.5,66.14
2025/03/24 01:31:40,38.55,64.68
2025/03/24 01:32:40,38.64,64.86
2025/03/24 01:33:40,38.74,65.03
2025/03/24 01:37:36,38.83,63.5
2025/03/24 01:38:36,38.83,63.18
2025/03/24 01:40:36,38.83,64.07
2025/03/24 01:41:36,38.85,63.11
2025/03/24 01:42:36,38.79,63.46
2025/03/24 01:43:36,38.77,64.19
2025/03/24 01:44:36,38.81,64.23
2025/03/24 01:45:36,38.79,63.57
2025/03/24 01:46:36,38.85,63.55
2025/03/24 01:47:36,38.83,63.04
2025/03/24 01:48:36,38.88,63.1
2025/03/24 01:49:36,38.83,63.1
2025/03/24 01:50:36,38.96,62.53
2025/03/24 01:51:36,38.92,62.44
2025/03/24 01:52:36,38.9,62.86
2025/03/24 01:53:36,38.9,63.13
2025/03/24 01:54:36,38.9,62.71
2025/03/24 01:55:36,38.9,63.32
2025/03/24 01:56:36,38.88,62.14
2025/03/24 01:57:36,38.92,63.04
2025/03/24 01:58:36,38.92,62.71
2025/03/24 01:59:36,38.94,62.9
2025/03/24 02:00:36,38.94,62.55
2025/03/24 02:01:36,38.85,62.43
2025/03/24 02:02:36,38.87,62.3
2025/03/24 02:03:36,38.88,63.06
2025/03/24 02:04:36,38.88,62.91
2025/03/24 02:05:36,38.94,62.64
2025/03/24 02:06:36,38.98,62.76
2025/03/24 02:07:36,38.96,62.19
2025/03/24 02:08:36,38.96,61.91
2025/03/24 02:09:36,38.9,61.8
2025/03/24 02:10:36,38.88,61.76
2025/03/24 02:11:36,38.9,62.29
2025/03/24 02:12:36,38.92,62.14
2025/03/24 02:13:36,38.92,62.09
2025/03/24 02:14:36,38.88,62.04
2025/03/24 02:15:36,38.9,62.09
2025/03/24 02:16:36,38.88,61.2
2025/03/24 02:17:36,38.85,61.17
2025/03/24 02:18:36,38.88,61.85
2025/03/24 02:19:36,38.85,61.55
2025/03/24 02:20:36,38.88,61.91
2025/03/24 02:21:36,38.87,61.81
2025/03/24 02:22:36,38.81,61.9
2025/03/24 02:23:36,38.81,61.31
2025/03/24 02:24:36,38.85,61.28
2025/03/24 02:25:36,38.83,60.97
2025/03/24 02:26:36,38.88,62.05
2025/03/24 02:27:36,38.77,61.08
2025/03/24 02:28:36,38.9,60.98
2025/03/24 02:29:36,38.88,61.79
2025/03/24 02:30:36,38.9,61.67
2025/03/24 02:31:36,38.92,61.47
2025/03/24 02:32:36,38.92,61.79
2025/03/24 02:33:36,38.92,60.93
2025/03/24 02:34:36,38.92,61.23
2025/03/24 02:35:36,38.98,61.29
2025/03/24 02:36:36,38.98,61.96
2025/03/24 02:37:36,38.92,60.91
2025/03/24 02:38:36,38.96,61.33
2025/03/24 02:39:36,38.96,61.28
2025/03/24 02:40:36,38.96,61.13
2025/03/24 02:41:36,38.94,61.46
2025/03/24 02:42:36,38.98,61.37
2025/03/24 02:43:36,38.98,61.56
2025/03/24 02:44:36,38.94,61.86
2025/03/24 02:45:36,38.92,61.68
2025/03/24 02:46:36,38.94,61.74
2025/03/24 02:47:36,38.94,62
2025/03/24 02:48:36,38.96,62.56
2025/03/24 02:49:36,38.96,61.78
2025/03/24 02:50:36,38.9,62.7
2025/03/24 02:51:36,38.9,62.56
2025/03/24 02:52:36,38.88,62.83
2025/03/24 02:53:36,38.9,61.89
2025/03/24 02:54:36,38.88,62.84
2025/03/24 02:55:36,38.9,62.82
2025/03/24 02:56:36,38.92,61.93
2025/03/24 02:57:36,38.87,62.68
2025/03/24 02:58:36,38.88,62.65
2025/03/24 02:59:36,38.85,63.15
2025/03/24 03:00:36,38.87,62.79
2025/03/24 03:01:36,38.79,62.58
2025/03/24 03:02:36,38.83,62.56
2025/03/24 03:03:36,38.72,62.76
2025/03/24 03:04:36,38.7,63.25
2025/03/24 03:05:36,38.76,63.51
2025/03/24 03:06:36,38.76,63.12
2025/03/24 03:07:36,38.79,62.56
2025/03/24 03:08:36,38.81,63.56
2025/03/24 03:09:36,38.88,62.64
2025/03/24 03:10:36,38.77,62.68
2025/03/24 03:11:36,38.79,63.49
2025/03/24 03:12:37,38.76,62.87
2025/03/24 03:13:36,38.76,62.83
2025/03/24 03:14:36,38.81,62.63
2025/03/24 03:15:36,38.87,61.92
2025/03/24 03:16:36,38.79,60.86
2025/03/24 03:17:36,38.77,61.2
2025/03/24 03:18:36,38.79,61.56
2025/03/24 03:19:36,38.77,61.61
2025/03/24 03:20:36,38.79,61.3
2025/03/24 03:21:36,38.81,61.59
2025/03/24 03:22:36,38.81,60.42
2025/03/24 03:23:36,38.79,61.45
2025/03/24 03:24:36,38.79,61.08
2025/03/24 03:25:36,38.81,61.15
2025/03/24 03:26:36,38.81,61.26
2025/03/24 03:27:36,38.77,61.12
2025/03/24 03:28:36,38.76,60.45
2025/03/24 03:29:36,38.79,60.81
2025/03/24 03:30:36,38.77,60.08
2025/03/24 03:31:36,38.76,60.66
2025/03/24 03:32:36,38.76,59.96
2025/03/24 03:33:36,38.76,61.01
2025/03/24 03:34:36,38.79,60.56
2025/03/24 03:35:36,38.81,60.93
2025/03/24 03:36:39,38.77,60.51
2025/03/24 03:37:36,38.79,59.91
2025/03/24 03:38:36,38.77,60.35
2025/03/24 03:39:37,38.74,60.62
2025/03/24 03:40:36,38.72,59.66
2025/03/24 03:41:36,38.74,59.62
2025/03/24 03:42:36,38.76,60.76
2025/03/24 03:43:36,38.72,60.02
2025/03/24 03:44:36,38.72,60.32
2025/03/24 03:45:36,38.7,60.09
2025/03/24 03:46:36,38.72,59.79
2025/03/24 03:47:36,38.72,59.61
2025/03/24 03:48:36,38.74,60.44
2025/03/24 03:49:36,38.7,60.33
2025/03/24 03:50:36,38.74,59.7
2025/03/24 03:51:36,38.76,60.51
2025/03/24 03:52:36,38.72,60.14
2025/03/24 03:53:36,38.7,59.61
2025/03/24 03:54:36,38.68,60.44
2025/03/24 03:55:36,38.68,60.5
2025/03/24 03:56:36,38.7,60.4
2025/03/24 03:57:37,38.68,59.84
2025/03/24 03:58:36,38.68,59.63
2025/03/24 03:59:36,38.7,60.44
2025/03/24 04:00:36,38.7,60.32
2025/03/24 04:01:36,38.66,60.16
2025/03/24 04:02:36,38.68,60.1
2025/03/24 04:03:36,38.68,60.6
2025/03/24 04:04:36,38.66,60.45
2025/03/24 04:05:36,38.66,60.79
2025/03/24 04:06:36,38.66,60.93
2025/03/24 04:07:36,38.63,60.75
2025/03/24 04:08:36,38.64,60.89
2025/03/24 04:09:36,38.61,59.95
2025/03/24 04:10:36,38.61,60.79
2025/03/24 04:11:36,38.57,60.7
2025/03/24 04:12:36,38.63,60.06
2025/03/24 04:13:36,38.63,60.51
2025/03/24 04:14:36,38.61,60.27
2025/03/24 04:15:36,38.61,60.7
2025/03/24 04:16:36,38.59,60.58
2025/03/24 04:17:36,38.64,59.64
2025/03/24 04:18:36,38.61,60.08
2025/03/24 04:19:36,38.59,59.86
2025/03/24 04:20:36,38.57,60.78
2025/03/24 04:21:36,38.57,60.82
2025/03/24 04:22:36,38.64,60.96
2025/03/24 04:23:36,38.59,61.17
2025/03/24 04:24:36,38.55,61.2
2025/03/24 04:25:36,38.55,60.14
2025/03/24 04:26:36,38.55,60.84
2025/03/24 04:27:36,38.53,60.95
2025/03/24 04:28:36,38.57,61.12
2025/03/24 04:29:36,38.57,60.89
2025/03/24 04:30:36,38.55,60.74
2025/03/24 04:31:36,38.55,60.7
2025/03/24 04:32:36,38.55,60.81
2025/03/24 04:33:36,38.57,59.71
2025/03/24 04:34:36,38.53,60.08
2025/03/24 04:35:36,38.5,60.7
2025/03/24 04:36:36,38.53,60.6
2025/03/24 04:37:36,38.52,60.56
2025/03/24 04:38:36,38.53,59.8
2025/03/24 04:39:36,38.5,60.33
2025/03/24 04:40:36,38.5,60.69
2025/03/24 04:41:36,38.53,60.35
2025/03/24 04:42:36,38.53,59.58
2025/03/24 04:43:36,38.53,60.02
2025/03/24 04:44:36,38.53,60.95
2025/03/24 04:45:36,38.52,61.04
2025/03/24 04:46:36,38.52,60.59
2025/03/24 04:47:36,38.46,60.27
2025/03/24 04:48:36,38.48,61.32
2025/03/24 04:49:36,38.44,60.5
2025/03/24 04:50:36,38.52,61.1
2025/03/24 04:51:36,38.46,60.61
2025/03/24 04:52:36,38.48,61
2025/03/24 04:53:36,38.44,60.9
2025/03/24 04:54:36,38.42,60.84
2025/03/24 04:55:36,38.42,60.22
2025/03/24 04:56:36,38.41,59.83
2025/03/24 04:57:36,38.44,60.74
2025/03/24 04:58:36,38.44,60.23
2025/03/24 04:59:36,38.42,61.07
2025/03/24 05:00:36,38.41,61.03
2025/03/24 05:01:37,38.39,60.18
2025/03/24 05:02:36,38.41,60.85
2025/03/24 05:03:36,38.41,60.23
2025/03/24 05:04:36,38.42,59.62
2025/03/24 05:05:36,38.37,60.44
2025/03/24 05:06:36,38.37,60.26
2025/03/24 05:07:36,38.41,59.79
2025/03/24 05:08:36,38.37,60.31
2025/03/24 05:09:36,38.42,60.53
2025/03/24 05:10:36,38.37,59.75
2025/03/24 05:11:36,38.35,59.75
2025/03/24 05:12:36,38.33,60.19
2025/03/24 05:13:36,38.33,59.95
2025/03/24 05:14:36,38.37,59.66
2025/03/24 05:15:36,38.35,59.36
2025/03/24 05:16:36,38.33,60.37
2025/03/24 05:17:36,38.37,59.81
2025/03/24 05:18:36,38.35,60.37
2025/03/24 05:19:36,38.35,60.39
2025/03/24 05:20:36,38.31,60.37
2025/03/24 05:21:36,38.33,59.31
2025/03/24 05:22:36,38.35,60.31
2025/03/24 05:23:36,38.33,59.67
2025/03/24 05:24:36,38.33,59.23
2025/03/24 05:25:36,38.31,60.05
2025/03/24 05:26:36,38.3,60.15
2025/03/24 05:27:36,38.3,59.93
2025/03/24 05:28:36,38.33,59.11
2025/03/24 05:29:36,38.3,59.14
2025/03/24 05:30:36,38.3,60.08
2025/03/24 05:31:36,38.33,60.13
2025/03/24 05:32:36,38.3,60.03
2025/03/24 05:33:36,38.31,58.92
2025/03/24 05:34:36,38.31,59.86
2025/03/24 05:35:36,38.3,59.03
2025/03/24 05:36:36,38.3,59.43
2025/03/24 05:37:36,38.28,59.19
2025/03/24 05:38:36,38.26,58.9
2025/03/24 05:39:36,38.28,59.4
2025/03/24 05:40:36,38.3,59.13
2025/03/24 05:41:36,38.28,59.96
2025/03/24 05:42:36,38.26,59.11
2025/03/24 05:43:36,38.28,59.99
2025/03/24 05:44:36,38.24,59.34
2025/03/24 05:45:36,38.24,59.08
2025/03/24 05:46:36,38.28,59.41
2025/03/24 05:47:36,38.24,59.16
2025/03/24 05:48:36,38.28,59.91
2025/03/24 05:49:36,38.22,59.01
2025/03/24 05:50:37,38.26,60.11
2025/03/24 05:51:36,38.24,60.13
2025/03/24 05:52:37,38.2,59.73
2025/03/24 05:53:36,38.22,60.02
2025/03/24 05:54:36,38.22,59.02
2025/03/24 05:55:36,38.22,59.61
2025/03/24 05:56:36,38.19,59.06
2025/03/24 05:57:36,38.22,60.02
2025/03/24 05:58:37,38.19,59.7
2025/03/24 05:59:37,38.22,60.02
2025/03/24 06:00:37,38.17,60.12
2025/03/24 06:01:37,38.19,59.12
2025/03/24 06:02:37,38.2,59.34
2025/03/24 06:03:37,38.19,59.59
2025/03/24 06:04:37,38.2,59.62
2025/03/24 06:05:37,38.19,59.61
2025/03/24 06:06:37,38.13,59.41
2025/03/24 06:07:37,38.19,60.22
2025/03/24 06:08:37,38.15,59.07
2025/03/24 06:09:37,38.11,59.49
2025/03/24 06:10:37,38.11,58.98
2025/03/24 06:11:37,38.15,60.3
2025/03/24 06:12:37,38.15,59.7
2025/03/24 06:13:37,38.13,59.94
2025/03/24 06:14:37,38.09,59.96
2025/03/24 06:15:37,38.09,60.11
2025/03/24 06:16:37,38.19,60.45
2025/03/24 06:17:37,38.09,60.74
2025/03/24 06:18:37,38.11,59.97
2025/03/24 06:19:37,38.11,60.55
2025/03/24 06:20:37,38.09,60.54
2025/03/24 06:21:37,38.11,61.05
2025/03/24 06:22:37,38.13,60.78
2025/03/24 06:23:37,38.06,60.68
2025/03/24 06:24:37,38.09,60.25
2025/03/24 06:25:37,38.09,60.75
2025/03/24 06:26:37,38.09,60.79
2025/03/24 06:27:37,38.11,61.51
2025/03/24 06:28:37,38.09,60.73
2025/03/24 06:29:37,38.02,60.91
2025/03/24 06:30:37,38.02,60.43
2025/03/24 06:31:37,38,60.96
2025/03/24 06:32:37,38,60.11
2025/03/24 06:33:37,38,59.69
2025/03/24 06:34:37,38.06,60.59
2025/03/24 06:35:37,38.04,59.68
2025/03/24 06:36:37,38.04,60.77
2025/03/24 06:37:37,38.02,60.72
2025/03/24 06:38:37,38.06,60.78
2025/03/24 06:39:37,37.98,59.85
2025/03/24 06:40:37,37.98,60.74
2025/03/24 06:41:37,37.98,60.46
2025/03/24 06:42:37,37.98,59.78
2025/03/24 06:43:37,38,60.59
2025/03/24 06:44:37,38.02,60.87
2025/03/24 06:45:37,38,59.79
2025/03/24 06:46:44,37.96,59.85
2025/03/24 06:47:37,37.96,60.79
2025/03/24 06:48:37,38,60.74
2025/03/24 06:49:37,38,60.86
2025/03/24 06:50:37,38.02,60.85
2025/03/24 06:51:39,37.93,60.94
2025/03/24 06:52:37,37.98,60.12
2025/03/24 06:53:37,37.96,61.1
2025/03/24 06:54:37,37.93,60.02
2025/03/24 06:55:37,37.95,61.03
2025/03/24 06:56:37,37.87,61.01
2025/03/24 06:57:37,37.8,58.35
2025/03/24 06:58:37,37.95,57.35
2025/03/24 06:59:38,37.93,56.62
2025/03/24 07:00:37,37.85,56.01
2025/03/24 07:01:37,37.82,56.2
2025/03/24 07:02:37,37.8,55.41
2025/03/24 07:03:37,37.78,55.8
2025/03/24 07:04:37,37.76,57.14
2025/03/24 07:05:37,37.78,57.45
2025/03/24 07:06:37,37.76,56.88
2025/03/24 07:07:37,37.74,57.88
2025/03/24 07:08:37,37.87,56.98
2025/03/24 07:09:37,37.82,55.65
2025/03/24 07:10:37,37.8,56.12
2025/03/24 07:11:37,37.74,55.08
2025/03/24 07:12:37,37.76,55.52
2025/03/24 07:13:37,37.76,56.08
2025/03/24 07:14:37,37.76,54.97
2025/03/24 07:15:37,37.78,55.04
2025/03/24 07:16:37,37.76,55.7
2025/03/24 07:17:37,37.73,55.45
2025/03/24 07:18:37,37.74,55.09
2025/03/24 07:19:37,37.69,54.98
2025/03/24 07:20:37,37.74,55.66
2025/03/24 07:21:37,37.73,56.07
2025/03/24 07:22:37,37.69,55.55
2025/03/24 07:23:37,37.69,55.7
2025/03/24 07:24:37,37.69,55.72
2025/03/24 07:25:37,37.69,55.82
2025/03/24 07:26:37,37.71,56.93
2025/03/24 07:27:37,37.73,56.4
2025/03/24 07:28:41,37.73,56.1
2025/03/24 07:29:37,37.69,56.79
2025/03/24 07:30:37,37.73,57.02
2025/03/24 07:31:37,37.78,56.73
2025/03/24 07:32:37,37.69,56.53
2025/03/24 07:33:37,37.65,56.48
2025/03/24 07:34:37,37.73,57.15
2025/03/24 07:35:37,37.69,56.73
2025/03/24 07:36:37,37.67,57.06
2025/03/24 07:37:37,37.69,57.3
2025/03/24 07:38:37,37.71,56.49
2025/03/24 07:39:37,37.73,56.11
2025/03/24 07:40:37,37.73,56.21
2025/03/24 07:41:37,37.67,56
2025/03/24 07:42:37,37.63,57.11
2025/03/24 07:43:37,37.62,56.78
2025/03/24 07:44:37,37.69,56.08
2025/03/24 07:45:37,37.69,56.11
2025/03/24 07:46:37,37.69,56.95
2025/03/24 07:47:37,37.69,56.02
2025/03/24 07:48:37,37.69,56.16
2025/03/24 07:49:37,37.69,56.08
2025/03/24 07:50:37,37.69,56.91
2025/03/24 07:51:37,37.69,56.57
2025/03/24 07:52:37,37.67,56.27
2025/03/24 07:53:37,37.65,56.32
2025/03/24 07:54:37,37.73,57
2025/03/24 07:55:37,37.63,56.87
2025/03/24 07:56:37,37.63,56.83
2025/03/24 07:57:37,37.67,56.97
2025/03/24 07:58:37,37.71,56.81
2025/03/24 07:59:38,37.73,55.85
2025/03/24 08:00:37,37.65,56.23
2025/03/24 08:01:37,37.67,55.97
2025/03/24 08:02:37,37.73,56.08
2025/03/24 08:03:38,37.71,56.18
2025/03/24 08:04:37,37.69,56.4
2025/03/24 08:05:37,37.69,56.36
2025/03/24 08:06:37,37.74,55.88
2025/03/24 08:07:37,37.71,55.7
2025/03/24 08:08:37,37.67,55.98
2025/03/24 08:09:37,37.71,56.09
2025/03/24 08:10:37,37.65,56
2025/03/24 08:11:37,37.74,56.27
2025/03/24 08:12:37,37.69,56.81
2025/03/24 08:13:37,37.73,56.68
2025/03/24 08:14:37,37.71,55.76
2025/03/24 08:15:37,37.69,56.13
2025/03/24 08:16:37,37.63,56.64
2025/03/24 08:17:37,37.65,56.62
2025/03/24 08:18:37,37.73,56.25
2025/03/24 08:19:37,37.71,55.91
2025/03/24 08:20:37,37.71,55.76
2025/03/24 08:21:37,37.65,56.62
2025/03/24 08:22:37,37.69,56.31
2025/03/24 08:23:37,37.74,55.67
2025/03/24 08:24:37,37.74,55.84
2025/03/24 08:25:38,37.69,56.52
2025/03/24 08:26:37,37.71,55.92
2025/03/24 08:27:37,37.69,55.56
2025/03/24 08:28:37,37.76,55.6
2025/03/24 08:29:37,37.78,56.65
2025/03/24 08:30:37,37.74,56.09
2025/03/24 08:31:37,37.78,56.22
2025/03/24 08:32:37,37.71,56.34
2025/03/24 08:33:37,37.74,56.31
2025/03/24 08:34:37,37.71,55.45
2025/03/24 08:35:37,37.73,56.32
2025/03/24 08:36:37,37.69,56.45
2025/03/24 08:37:37,37.74,55.52
2025/03/24 08:38:37,37.73,55.55
2025/03/24 08:39:37,37.78,55.53
2025/03/24 08:40:37,37.73,56.12
2025/03/24 08:41:37,37.69,56.43
2025/03/24 08:42:37,37.71,55.59
2025/03/24 08:43:37,37.76,56.37
2025/03/24 08:44:37,37.73,56.31
2025/03/24 08:45:37,37.71,56.18
2025/03/24 08:46:37,37.76,56.35
2025/03/24 08:47:37,37.73,55.52
2025/03/24 08:48:37,37.76,55.59
2025/03/24 08:49:37,37.73,56.19
2025/03/24 08:50:37,37.76,55.31
2025/03/24 08:51:37,37.78,55.84
2025/03/24 08:52:37,37.78,56.18
2025/03/24 08:53:37,37.8,55.88
2025/03/24 08:54:37,37.71,55.39
2025/03/24 08:55:37,37.74,55.2
2025/03/24 08:56:37,37.76,55.49
2025/03/24 08:57:37,37.76,56.01
2025/03/24 08:58:37,37.76,56.09
2025/03/24 08:59:37,37.82,55.41
2025/03/24 09:00:37,37.76,55.9
2025/03/24 09:01:37,37.76,55.18
2025/03/24 09:02:37,37.76,55.58
2025/03/24 09:03:37,37.8,55.21
2025/03/24 09:04:37,37.78,55.81
2025/03/24 09:05:37,37.78,56.2
2025/03/24 09:06:37,37.76,56.03
2025/03/24 09:07:42,37.74,55.26
2025/03/24 09:08:37,37.76,55.64
2025/03/24 09:09:37,37.76,55.45
2025/03/24 09:10:37,37.76,55.09
2025/03/24 09:11:37,37.73,55.98
2025/03/24 09:12:37,37.76,55.72
2025/03/24 09:13:37,37.74,55.98
2025/03/24 09:14:37,37.74,56.17
2025/03/24 09:15:37,37.73,55.51
2025/03/24 09:16:37,37.71,55.74
2025/03/24 09:17:37,37.76,56.02
2025/03/24 09:18:37,37.8,55.01
2025/03/24 09:19:37,37.82,55.13
2025/03/24 09:20:37,37.82,55.23
2025/03/24 09:21:37,37.85,55.97
2025/03/24 09:22:37,37.78,55.43
2025/03/24 09:23:37,37.8,55.11
2025/03/24 09:24:37,37.76,56.07
2025/03/24 09:25:37,37.82,55.7
2025/03/24 09:26:37,37.8,55.52
2025/03/24 09:27:37,37.85,55.88
2025/03/24 09:28:37,37.84,56.18
2025/03/24 09:29:37,37.8,55.81
2025/03/24 09:30:37,37.8,55.81
2025/03/24 09:31:37,37.82,55.61
2025/03/24 09:32:37,37.78,55.65
2025/03/24 09:33:37,37.71,54.21
2025/03/24 09:34:37,37.74,53.71
2025/03/24 09:35:37,37.62,52.87
2025/03/24 09:36:37,37.56,52.64
2025/03/24 09:37:37,37.54,52.89
2025/03/24 09:38:37,37.56,53.44
2025/03/24 09:39:37,37.5,53.86
2025/03/24 09:40:37,37.58,54.3
2025/03/24 09:41:37,37.65,53.84
2025/03/24 09:42:37,37.73,54.03
2025/03/24 09:43:37,37.73,53.77
2025/03/24 09:44:37,37.73,53.6
2025/03/24 09:45:37,37.78,54.79
2025/03/24 09:46:37,37.84,54.2
2025/03/24 09:47:37,37.84,54.17
2025/03/24 09:48:37,37.85,54.76
2025/03/24 09:49:40,37.85,54.39
2025/03/24 09:50:37,37.85,55.48
2025/03/24 09:51:37,37.91,55.8
2025/03/24 09:52:37,37.87,55.46
2025/03/24 09:53:37,37.87,55.78
2025/03/24 09:54:37,37.87,55.23
2025/03/24 09:55:40,37.89,55.74
2025/03/24 09:56:37,37.87,55.88
2025/03/24 09:57:37,37.89,56.03
2025/03/24 09:58:37,37.91,56.6
2025/03/24 09:59:37,37.95,56.92
2025/03/24 10:00:37,37.93,57
2025/03/24 10:01:37,37.95,56.67
2025/03/24 10:02:37,37.91,57.34
2025/03/24 10:03:37,37.95,56.77
2025/03/24 10:04:37,37.95,56.81
2025/03/24 10:05:39,37.93,57.58
2025/03/24 10:06:37,37.96,56.77
2025/03/24 10:07:37,37.98,57.01
2025/03/24 10:08:37,38,57.22
2025/03/24 10:09:37,38,58.13
2025/03/24 10:10:37,37.98,57.33
2025/03/24 10:11:37,38.09,58.13
2025/03/24 10:12:37,38.06,58.09
2025/03/24 10:13:37,38.07,57.22
2025/03/24 10:14:37,38.13,58.1
2025/03/24 10:15:37,38.13,57.43
2025/03/24 10:16:37,38.13,57.91
2025/03/24 10:17:37,38.15,57.49
2025/03/24 10:18:37,38.17,57.5
2025/03/24 10:19:37,38.17,58.47
2025/03/24 10:20:37,38.15,58.64
2025/03/24 10:21:37,38.13,58.24
2025/03/24 10:22:37,38.15,58.83
2025/03/24 10:23:37,38.19,58.58
2025/03/24 10:24:37,38.2,58.93
2025/03/24 10:25:37,38.19,58.69
2025/03/24 10:26:37,38.26,58.9
2025/03/24 10:27:37,38.22,59.32
2025/03/24 10:28:37,38.2,58.57
2025/03/24 10:29:37,38.26,58.54
2025/03/24 10:30:37,38.33,59.44
2025/03/24 10:31:37,38.28,59.64
2025/03/24 10:32:37,38.3,59.32
2025/03/24 10:33:37,38.31,59.62
2025/03/24 10:34:37,38.3,59.71
2025/03/24 10:35:37,38.31,58.97
2025/03/24 10:36:37,38.28,59.76
2025/03/24 10:37:37,38.28,59.86
2025/03/24 10:38:37,38.3,59.9
2025/03/24 10:39:37,38.3,59.62
2025/03/24 10:40:37,38.3,59.27
2025/03/24 10:41:37,38.31,60.19
2025/03/24 10:42:37,38.26,59.54
2025/03/24 10:43:37,38.33,59.72
2025/03/24 10:44:38,38.26,60.16
2025/03/24 10:45:37,38.3,59.41
2025/03/24 10:46:37,38.39,59.76
2025/03/24 10:47:37,38.39,59.7
2025/03/24 10:48:37,38.39,60.42
2025/03/24 10:49:37,38.46,60.32
2025/03/24 10:50:37,38.41,60.16
2025/03/24 10:51:37,38.44,60.65
2025/03/24 10:52:37,38.42,60.01
2025/03/24 10:53:37,38.48,60.62
2025/03/24 10:54:38,38.5,60.52
2025/03/24 10:55:37,38.46,59.97
2025/03/24 10:56:39,38.46,60.14
2025/03/24 10:57:38,38.44,61.03
2025/03/24 10:58:38,38.48,60.45
2025/03/24 10:59:38,38.48,60.14
2025/03/24 11:00:38,38.46,60.1
2025/03/24 11:01:38,38.48,60.92
2025/03/24 11:02:38,38.57,60.94
2025/03/24 11:03:38,38.52,60.27
2025/03/24 11:04:38,38.52,61.12
2025/03/24 11:05:38,38.55,60.77
2025/03/24 11:06:38,38.55,60.28
2025/03/24 11:07:38,38.55,60.08
2025/03/24 11:08:38,38.53,61.19
2025/03/24 11:09:38,38.5,60.83
2025/03/24 11:10:38,38.55,61.15
2025/03/24 11:11:38,38.59,60.45
2025/03/24 11:12:38,38.52,60.79
2025/03/24 11:13:38,38.59,60.54
2025/03/24 11:14:38,38.59,60.45
2025/03/24 11:15:38,38.59,60.15
2025/03/24 11:16:38,38.61,60.18
2025/03/24 11:17:38,38.61,60.68
2025/03/24 11:18:38,38.55,61.17
2025/03/24 11:19:38,38.55,60.12
2025/03/24 11:20:40,38.55,60.93
2025/03/24 11:21:38,38.63,61.29
2025/03/24 11:22:38,38.64,60.39
2025/03/24 11:23:38,38.57,60.3
2025/03/24 11:24:38,38.59,60.2
2025/03/24 11:25:38,38.61,60.44
2025/03/24 11:26:38,38.59,61.38
2025/03/24 11:27:38,38.55,60.34
2025/03/24 11:28:38,38.68,60.56
2025/03/24 11:29:38,38.66,61.36
2025/03/24 11:30:38,38.66,61.68
2025/03/24 11:31:38,38.72,61.35
2025/03/24 11:32:38,38.68,60.51
2025/03/24 11:33:38,38.68,61.48
2025/03/24 11:34:38,38.72,61.59
2025/03/24 11:35:38,38.7,61.01
2025/03/24 11:36:38,38.7,61.59
2025/03/24 11:37:38,38.74,61.39
2025/03/24 11:38:38,38.76,61.68
2025/03/24 11:39:38,38.68,61.58
2025/03/24 11:40:41,38.72,61.4
2025/03/24 11:41:38,38.79,60.92
2025/03/24 11:42:38,38.83,61.5
2025/03/24 11:43:38,38.83,60.88
2025/03/24 11:44:38,38.77,61.27
2025/03/24 11:45:38,38.87,61.74
2025/03/24 11:46:39,38.87,61.48
2025/03/24 11:47:38,38.81,61.04
2025/03/24 11:48:38,38.9,61.62
2025/03/24 11:49:38,38.88,61.51
2025/03/24 11:50:38,38.88,61.03
2025/03/24 11:51:38,38.85,61.75
2025/03/24 11:52:38,38.9,61.24
2025/03/24 11:53:38,38.87,61.49
2025/03/24 11:54:38,38.88,61.92
2025/03/24 11:55:38,38.88,61.7
2025/03/24 11:56:38,38.81,61.82
2025/03/24 11:57:38,38.85,61.76
2025/03/24 11:58:38,38.85,61.97
2025/03/24 11:59:38,38.87,61.96
2025/03/24 12:00:38,38.85,62.08
2025/03/24 12:01:38,38.9,61.35
2025/03/24 12:02:38,38.87,61.12
2025/03/24 12:03:38,38.87,61.14
2025/03/24 12:04:38,38.9,61.94
2025/03/24 12:05:38,38.94,62.33
2025/03/24 12:06:38,38.9,62.17
2025/03/24 12:07:38,38.98,62
2025/03/24 12:08:38,38.98,61.79
2025/03/24 12:09:38,39.01,62.03
2025/03/24 12:10:38,38.96,61.44
2025/03/24 12:11:38,38.98,62.59
2025/03/24 12:12:38,38.99,62.31
2025/03/24 12:13:38,39.01,61.54
2025/03/24 12:14:38,38.99,61.92
2025/03/24 12:15:38,39.07,61.98
2025/03/24 12:16:38,39.03,62.07
2025/03/24 12:17:38,39.14,61.68
2025/03/24 12:18:38,39.1,61.37
2025/03/24 12:19:38,39.1,61.63
2025/03/24 12:20:38,39.1,62.24
2025/03/24 12:21:38,39.1,61.97
2025/03/24 12:22:38,39.1,62.69
2025/03/24 12:23:38,39.09,62.75
2025/03/24 12:24:38,39.09,61.88
2025/03/24 12:25:38,39.09,62.43
2025/03/24 12:26:38,39.1,61.85
2025/03/24 12:27:38,39.1,62.71
2025/03/24 12:28:38,39.09,61.83
2025/03/24 12:29:38,39.09,61.98
2025/03/24 12:30:38,39.1,62.7
2025/03/24 12:31:38,39.1,62.11
2025/03/24 12:32:38,39.14,62.36
2025/03/24 12:33:38,39.12,62.62
2025/03/24 12:34:38,39.16,62.33
2025/03/24 12:35:38,39.16,62.83
2025/03/24 12:36:38,39.12,62.4
2025/03/24 12:37:38,39.12,62.66
2025/03/24 12:38:38,39.21,62.05
2025/03/24 12:39:38,39.2,62.93
2025/03/24 12:40:38,39.29,61.98
2025/03/24 12:41:38,39.31,62.32
2025/03/24 12:42:38,39.31,62.5
2025/03/24 12:43:38,39.27,62.74
2025/03/24 12:44:38,39.31,63.13
2025/03/24 12:45:38,39.29,61.93
2025/03/24 12:46:38,39.27,63.01
2025/03/24 12:47:38,39.31,63.15
2025/03/24 12:48:38,39.29,62.87
2025/03/24 12:49:38,39.25,63.13
2025/03/24 12:50:38,39.23,62.14
2025/03/24 12:51:38,39.2,62.56
2025/03/24 12:52:38,39.25,62.27
2025/03/24 12:53:40,39.2,62.72
2025/03/24 12:54:38,39.25,63.38
2025/03/24 12:55:38,39.25,62.44
2025/03/24 12:56:38,39.29,63.35
2025/03/24 12:57:38,39.25,62.56
2025/03/24 12:58:38,39.25,62.62
2025/03/24 12:59:38,39.2,62.32
2025/03/24 13:00:38,39.14,62.96
2025/03/24 13:01:38,39.18,63.46
2025/03/24 13:02:38,39.16,63.4
2025/03/24 13:03:38,39.14,63.41
2025/03/24 13:04:38,39.1,63.36
2025/03/24 13:05:38,39.1,62.77
2025/03/24 13:06:38,39.2,63.38
2025/03/24 13:07:38,39.29,63.77
2025/03/24 13:08:40,39.29,63.31
2025/03/24 13:09:38,39.36,63.38
2025/03/24 13:10:38,39.34,63.72
2025/03/24 13:11:38,39.33,62.99
2025/03/24 13:12:38,39.38,63.5
2025/03/24 13:13:38,39.36,62.52
2025/03/24 13:14:38,39.34,63.09
2025/03/24 13:15:38,39.42,63.59
2025/03/24 13:16:38,39.38,63.09
2025/03/24 13:17:38,39.42,63.75
2025/03/24 13:18:38,39.45,63.78
2025/03/24 13:19:38,39.49,63.72
2025/03/24 13:20:38,39.47,62.61
2025/03/24 13:21:38,39.49,63.57
2025/03/24 13:22:38,39.55,62.92
2025/03/24 13:23:38,39.55,63.54
2025/03/24 13:24:38,39.58,62.73
2025/03/24 13:25:38,39.62,63.09
2025/03/24 13:26:38,39.66,62.75
2025/03/24 13:27:38,39.66,62.59
2025/03/24 13:28:38,39.66,62.45
2025/03/24 13:29:38,39.69,62.23
2025/03/24 13:30:38,39.73,62.56
2025/03/24 13:31:38,39.71,63.08
2025/03/24 13:32:38,39.79,62.15
2025/03/24 13:33:38,39.8,62.76
2025/03/24 13:34:38,39.86,63.3
2025/03/24 13:35:38,39.82,62.26
2025/03/24 13:36:38,39.93,62.7
2025/03/24 13:37:38,39.91,62.63
2025/03/24 13:38:38,39.95,63.07
2025/03/24 13:39:38,39.93,63.22
2025/03/24 13:40:38,39.99,62.87
2025/03/24 13:41:38,39.95,62.5
2025/03/24 13:42:38,39.97,62.72
2025/03/24 13:43:38,39.97,62.37
2025/03/24 13:44:38,40.06,62.61
2025/03/24 13:45:38,40.06,62.97
2025/03/24 13:46:38,40.06,62.82
2025/03/24 13:47:38,40.1,62.77
2025/03/24 13:48:38,40.12,62.74
2025/03/24 13:49:38,40.15,62.53
2025/03/24 13:50:38,40.15,62.48
2025/03/24 13:51:38,40.12,63.04
2025/03/24 13:52:38,40.19,62.12
2025/03/24 13:53:38,40.26,62.31
2025/03/24 13:54:38,40.32,63.11
2025/03/24 13:55:38,40.3,61.78
2025/03/24 13:56:38,40.28,62.07
2025/03/24 13:57:38,40.32,62.64
2025/03/24 13:58:40,40.28,62.12
2025/03/24 13:59:38,40.39,62.28
2025/03/24 14:00:38,40.39,61.69
2025/03/24 14:01:38,40.45,61.53
2025/03/24 14:02:38,40.5,62.74
2025/03/24 14:03:38,40.48,61.87
2025/03/24 14:04:38,40.48,62.61
2025/03/24 14:05:38,40.5,62.54
2025/03/24 14:06:38,40.41,61.58
2025/03/24 14:07:38,40.45,61.48
2025/03/24 14:08:38,40.47,61.51
2025/03/24 14:09:38,40.56,61.44
2025/03/24 14:10:38,40.54,62.43
2025/03/24 14:11:38,40.58,62.17
2025/03/24 14:12:38,40.54,61.53
2025/03/24 14:13:38,40.5,61.22
2025/03/24 14:14:38,40.47,62.48
2025/03/24 14:15:38,40.48,62.27
2025/03/24 14:16:38,40.54,62.17
2025/03/24 14:17:38,40.59,62.19
2025/03/24 14:18:38,40.63,62.25
2025/03/24 14:19:38,40.63,61.88
2025/03/24 14:20:38,40.69,61.41
2025/03/24 14:21:38,40.69,62.44
2025/03/24 14:22:38,40.76,62.29
2025/03/24 14:23:41,40.76,61.92
2025/03/24 14:24:38,40.83,62.27
2025/03/24 14:25:38,40.8,62.41
2025/03/24 14:26:38,40.8,61.57
2025/03/24 14:27:39,40.8,61.97
2025/03/24 14:28:38,40.81,62.51
2025/03/24 14:29:38,40.83,62.41
2025/03/24 14:30:38,40.8,61.29
2025/03/24 14:31:38,40.85,61.23
2025/03/24 14:32:38,40.89,62.08
2025/03/24 14:33:40,40.83,62.11
2025/03/24 14:34:38,40.83,61.09
2025/03/24 14:35:38,40.94,61.48
2025/03/24 14:36:38,40.93,61.25
2025/03/24 14:37:38,40.98,61.53
2025/03/24 14:38:38,40.94,61.29
2025/03/24 14:39:38,41.02,60.98
2025/03/24 14:40:40,41.04,61.13
2025/03/24 14:41:38,41.07,61.87
2025/03/24 14:42:38,41.11,61.11
2025/03/24 14:43:39,41.11,61.8
2025/03/24 14:44:38,41.09,61.2
2025/03/24 14:45:38,41.16,61.99
2025/03/24 14:46:38,41.15,61.2
2025/03/24 14:47:38,41.16,61.62
2025/03/24 14:48:38,41.18,61.47
2025/03/24 14:49:38,41.24,60.75
2025/03/24 14:50:38,41.16,61.87
2025/03/24 14:51:38,41.18,61.13
2025/03/24 14:52:38,41.18,60.93
2025/03/24 14:53:38,41.24,60.54
2025/03/24 14:54:38,41.2,60.73
2025/03/24 14:55:38,41.27,60.8
2025/03/24 14:56:38,41.27,60.54
2025/03/24 14:57:38,41.37,61.77
2025/03/24 14:58:38,41.38,60.95
2025/03/24 14:59:38,41.38,61.01
2025/03/24 15:00:38,41.38,60.69
2025/03/24 15:01:38,41.37,61.65
2025/03/24 15:02:38,41.38,61.55
2025/03/24 15:03:38,41.44,61.17
2025/03/24 15:04:38,41.44,60.48
2025/03/24 15:05:38,41.44,61.06
2025/03/24 15:06:38,41.51,61.25
2025/03/24 15:07:38,41.51,60.31
2025/03/24 15:08:38,41.59,60.53
2025/03/24 15:09:38,41.66,60.52
2025/03/24 15:10:38,41.68,61.2
2025/03/24 15:11:38,41.64,60.16
2025/03/24 15:12:38,41.62,60.92
2025/03/24 15:13:38,41.68,60.18
2025/03/24 15:14:38,41.64,60.06
2025/03/24 15:15:38,41.64,61.13
2025/03/24 15:16:38,41.62,60.15
2025/03/24 15:17:38,41.73,59.86
2025/03/24 15:18:38,41.75,60.71
2025/03/24 15:19:38,41.75,61.07
2025/03/24 15:20:41,41.77,60.95
2025/03/24 15:21:38,41.77,60.7
2025/03/24 15:22:38,41.84,61.06
2025/03/24 15:23:38,41.86,60.89
2025/03/24 15:24:38,41.9,59.98
2025/03/24 15:25:38,41.88,60.72
2025/03/24 15:26:38,41.92,60.33
2025/03/24 15:27:38,41.94,60.21
2025/03/24 15:28:38,41.94,60.83
2025/03/24 15:29:38,41.92,60.22
2025/03/24 15:30:38,42.05,60.59
2025/03/24 15:31:38,41.94,60.45
2025/03/24 15:32:38,42.01,59.66
2025/03/24 15:33:38,41.94,59.73
2025/03/24 15:34:38,41.9,59.83
2025/03/24 15:35:38,41.99,60.63
2025/03/24 15:36:38,41.92,59.8
2025/03/24 15:37:38,41.99,59.77
2025/03/24 15:38:38,42.07,60.3
2025/03/24 15:39:38,41.92,60.03
2025/03/24 15:40:38,42.01,59.69
2025/03/24 15:41:38,41.99,60.41
2025/03/24 15:42:38,42.08,60.88
2025/03/24 15:43:38,42.07,60.75
2025/03/24 15:44:38,42.21,59.99
2025/03/24 15:45:38,42.27,60.34
2025/03/24 15:46:39,42.18,60.27
2025/03/24 15:47:38,42.1,60.14
2025/03/24 15:48:38,42.14,59.94
2025/03/24 15:49:38,42.18,59.39
2025/03/24 15:50:38,42.1,60.71
2025/03/24 15:51:38,42.08,59.58
2025/03/24 15:52:38,42.07,60.07
2025/03/24 15:53:38,42.18,60.71
2025/03/24 15:54:38,42.21,59.51
2025/03/24 15:55:38,42.18,59.78
2025/03/24 15:56:38,42.27,60.57
2025/03/24 15:57:38,42.23,59.73
2025/03/24 15:58:38,42.14,60.54
2025/03/24 15:59:39,42.19,60.49
2025/03/24 16:00:38,42.25,59.4
2025/03/24 16:01:38,42.16,59.75
2025/03/24 16:02:39,42.08,59.6
2025/03/24 16:03:39,42.18,60.7
2025/03/24 16:04:38,42.25,59.67
2025/03/24 16:05:38,42.12,60.33
2025/03/24 16:06:39,42.12,60.17
2025/03/24 16:07:39,42.18,59.89
2025/03/24 16:08:39,42.08,60.08
2025/03/24 16:09:39,42.16,60.72
2025/03/24 16:10:39,42.08,60.59
2025/03/24 16:11:39,42.12,60.02
2025/03/24 16:12:39,42.05,59.67
2025/03/24 16:13:39,42.08,60.75
2025/03/24 16:14:39,42.05,60.05
2025/03/24 16:15:39,42.03,60.69
2025/03/24 16:16:39,42.08,59.73
2025/03/24 16:17:39,42.01,60.25
2025/03/24 16:18:39,42.05,59.72
2025/03/24 16:19:39,42.03,59.75
2025/03/24 16:20:39,42.1,60.66
2025/03/24 16:21:39,42.01,60.07
2025/03/24 16:22:39,41.99,59.63
2025/03/24 16:23:43,42.03,59.6
2025/03/24 16:24:39,42.07,60.7
2025/03/24 16:25:39,42.03,60.19
2025/03/24 16:26:39,41.99,60.51
2025/03/24 16:27:39,41.99,60.63
2025/03/24 16:28:39,41.95,60.8
2025/03/24 16:29:39,42.07,60.67
2025/03/24 16:30:39,42.18,60.07
2025/03/24 16:31:39,42.19,60.58
2025/03/24 16:32:39,42.1,60.3
2025/03/24 16:33:39,42.12,59.58
2025/03/24 16:34:39,42.07,60.64
2025/03/24 16:35:39,42.08,60.68
2025/03/24 16:36:39,42.05,59.58
2025/03/24 16:37:39,42.08,60.48
2025/03/24 16:38:39,42.07,59.97
2025/03/24 16:39:39,42.12,59.59
2025/03/24 16:40:39,42.14,60
2025/03/24 16:41:39,42.16,59.7
2025/03/24 16:42:39,41.75,60.7
2025/03/24 16:43:39,41.53,60.87
2025/03/24 16:44:39,41.33,60.45
2025/03/24 16:45:39,41.35,60.84
2025/03/24 16:46:39,41.22,60.33
2025/03/24 16:47:39,40.74,61
2025/03/24 16:48:39,40.59,61.09
2025/03/24 16:49:39,40.48,61.64
2025/03/24 16:50:39,40.34,62.3
2025/03/24 16:51:39,40.04,62
2025/03/24 16:52:39,40.06,62.83
2025/03/24 16:53:39,39.84,62.64
2025/03/24 16:54:39,39.84,63.7
2025/03/24 16:55:39,39.67,63.31
2025/03/24 16:56:39,40.1,63.09
2025/03/24 16:57:39,40.13,63.43
2025/03/24 16:58:39,39.93,64.02
2025/03/24 16:59:39,39.71,64.22
2025/03/24 17:00:39,39.62,64.31
2025/03/24 17:01:39,39.77,64.31
2025/03/24 17:02:39,40.17,63.78
2025/03/24 17:03:39,40.3,63.84
2025/03/24 17:04:39,40.3,62.91
2025/03/24 17:05:39,40.45,63.84
2025/03/24 17:06:39,40.67,62.47
2025/03/24 17:07:39,40.78,62.91
2025/03/24 17:08:39,40.5,63.54
2025/03/24 17:09:39,40.56,63.73
2025/03/24 17:10:39,40.72,64.2
2025/03/24 17:11:39,40.85,63.94
2025/03/24 17:12:39,40.94,64.62
2025/03/24 17:13:41,41,64.64
2025/03/24 17:14:39,40.72,63.91
2025/03/24 17:15:39,40.78,64.72
2025/03/24 17:16:39,40.83,64.67
2025/03/24 17:17:39,40.94,63.73
2025/03/24 17:18:39,41,64.79
2025/03/24 17:19:39,40.94,64.67
2025/03/24 17:20:39,40.72,65.27
2025/03/24 17:21:39,40.85,65.24
2025/03/24 17:22:39,40.37,65.54
2025/03/24 17:23:39,40.5,65.16
2025/03/24 17:24:39,40.3,65.6
2025/03/24 17:25:39,40.34,65.93
2025/03/24 17:26:39,40.23,65.62
2025/03/24 17:27:39,40.43,66.03
2025/03/24 17:28:39,40.5,65.34
2025/03/24 17:29:39,40.48,66.06
2025/03/24 17:30:39,40.47,65.87
2025/03/24 17:31:39,40.37,65.75
2025/03/24 17:32:39,40.3,65.62
2025/03/24 17:33:40,39.88,66.51
2025/03/24 17:34:39,40.17,66.77
2025/03/24 17:35:39,40.15,65.79
2025/03/24 17:36:39,40.39,66.79
2025/03/24 17:37:39,40.47,65.63
2025/03/24 17:38:39,40.32,65.38
2025/03/24 17:39:39,40.5,64.79
2025/03/24 17:40:39,39.91,64.07
2025/03/24 17:41:39,39.86,62.77
2025/03/24 17:42:39,39.51,62.26
2025/03/24 17:43:39,39.56,62.51
2025/03/24 17:44:39,39.66,62.24
2025/03/24 17:45:39,39.12,61.62
2025/03/24 17:46:39,38.92,60.55
2025/03/24 17:47:39,39.18,60.61
2025/03/24 17:48:39,39.16,60.14
2025/03/24 17:49:39,39.05,58.99
2025/03/24 17:50:40,38.96,59.28
2025/03/24 17:51:39,38.7,58.53
2025/03/24 17:52:39,38.77,58.87
2025/03/24 17:53:39,38.74,58.56
2025/03/24 17:54:39,38.57,58.49
2025/03/24 17:55:39,38.28,57.28
2025/03/24 17:56:39,38.44,57.54
